SYMBOL ,SERIES ,LTP ,%CHANGE ,NEW 52W/H PRICE ,PREV. HIGH ,PREV. HIGH DATE 
AAREYDRUGS,EQ,101,-0.71,103.5,102.96,17-Sep-2026
ACE,EQ,1229.1,1.95,1241.5,1213.2,17-Sep-2026
ACMESOLAR,EQ,438.65,6.65,440.7,430.5,04-Sep-2026
ACSTECH,BE,66.15,5,66.15,63,17-Sep-2026
AEGISVOPAK,EQ,316,1.71,317,316,17-Sep-2026
AHCL,EQ,23.1,5.77,24.78,22.94,15-Sep-2026
AKANKSHA,SM,139.65,5,139.65,139.5,26-Aug-2026
ALGOQUANT,EQ,72.67,3.62,76.2,71.85,17-Sep-2026
ALUFLUOR,EQ,538,9.31,542.5,509.9,02-Sep-2026
AMEYA,SM,142.55,4.97,142.55,135.8,17-Sep-2026
ANANDRATHI,EQ,2225,0.8,2268.4,2255,07-Sep-2026
ANLON,SM,736,5.61,763.9,748,15-Jun-2026
APARINDS,EQ,18791,5.56,19080,18465,12-Aug-2026
APOORVA,EQ,31.1,4.54,31.2,29.75,17-Sep-2026
ASTAR,EQ,807.35,20,807.35,723,13-May-2026
AUROPHARMA,EQ,1734,2.6,1734,1717,31-Aug-2026
AVALON,EQ,2602,16.68,2618,2424,07-Sep-2026
BHAGYANGR,EQ,447,0.11,467.9,446.5,17-Sep-2026
BIKEWO,ST,116.6,3.92,116.6,115.8,19-Aug-2026
BIRLACABLE,EQ,408.4,1.68,418.8,411.95,15-Sep-2026
BODALCHEM,EQ,191.23,5,191.23,189.68,09-Sep-2026
CONFIPET,EQ,91.8,5.81,92.61,91.65,15-Sep-2026
CPCAP,EQ,145.5,3.15,152,144.4,19-Sep-2025
CSM,EQ,111.5,8.63,114.9,113,02-Jul-2026
DICIND,EQ,628.3,-0.02,642,638.95,04-Sep-2026
DSKULKARNI,BE,22.71,1.98,22.71,22.27,17-Sep-2026
EMCURE,EQ,2083,9.07,2100.7,2048,10-Aug-2026
EMIL,EQ,195.9,5.85,202.86,196.74,13-Aug-2026
FILATEX,EQ,93.42,3.4,94.5,91.9,17-Sep-2026
GCSL,EQ,617.2,3.84,620.5,616.9,10-Sep-2026
GFSTEELS,BE,25.44,4.99,25.44,24.23,17-Sep-2026
GJL,ST,306.65,5,306.65,292.95,16-Sep-2026
GKSL,EQ,182,2.35,186,183.05,15-Sep-2026
GLASSWALL,EQ,273.6,6.12,304.2,257.82,17-Sep-2026
GMMPFAUDLR,EQ,1458,6.94,1475,1384.8,15-Sep-2026
GOCLCORP,EQ,448,-1.79,461.4,459.9,22-Jun-2026
GRAUWEIL,EQ,86.7,9.62,88.53,87.4,02-Jul-2026
GREENCHEF,SM,74,3.21,74,73.5,15-Sep-2026
HPTL,SM,434.05,5,434.05,413.4,17-Sep-2026
IL&FSENGG,BZ,40.95,5,40.95,40.05,17-Sep-2026
IMPEXFERRO,BZ,5.58,1.82,5.58,5.48,17-Sep-2026
INDOKEM,EQ,615.05,-4.37,668,666.9,17-Sep-2026
INDOMIM,EQ,1062,6.93,1064,1028.5,10-Sep-2026
IPCALAB,EQ,1999,1.46,2038,2014,17-Sep-2026
IRISDOREME,EQ,64.98,3.88,66.3,65,07-Sep-2026
JSWINFRA,EQ,349.65,7.04,356.95,355.8,13-Jul-2026
JYOTICNC,EQ,1053.55,7.41,1065,1058.85,08-Sep-2026
KAMDHENU,BE,41.05,4.99,41.05,40.95,08-Sep-2026
KARAMTARA,EQ,350,-0.57,377.9,352,17-Sep-2026
KATARIA,SM,149.85,0.4,150,150,17-Sep-2026
KISSHT,EQ,356.5,-0.96,373,366.8,17-Sep-2026
KOPRAN,EQ,276,2.76,282.1,274.78,16-Sep-2026
KROSS,EQ,238.8,-1.34,248.77,243.8,17-Sep-2026
LAURUSLABS,EQ,1954,0.3,1982,1981.8,11-Sep-2026
LENSKART,EQ,721.4,6.1,725,703.5,10-Sep-2026
LIQUIDCASE,EQ,116,0.04,116.01,115.96,17-Sep-2026
LIQUIDSHRI,EQ,1122.15,0.04,1122.15,1121.74,17-Sep-2026
MACPOWER,EQ,2100,9.28,2149,2050,28-Aug-2026
MASPTOP50,EQ,124.59,19.99,124.59,111.56,09-Sep-2026
MAXESTATES,EQ,594,2.84,595,584,17-Sep-2026
MBECL,BE,401.59,5,401.59,382.47,17-Sep-2026
MKEXIM,EQ,69,3.56,69.87,68.69,27-Aug-2026
MONQ50,EQ,396.3,20,396.3,330.33,17-Sep-2026
MOREPENLAB,EQ,120.8,0.37,123.45,122.55,08-Sep-2026
MRIL,ST,85.3,4.98,85.3,83,17-Sep-2026
NEOGEN,EQ,2477,3.4,2498.2,2484.8,17-Sep-2026
NRBBEARING,EQ,529.5,12.13,534.9,519,11-Sep-2026
NRL,BE,143.98,5,143.98,139,16-Sep-2026
PRASOLCHEM,EQ,702,3.42,734.9,691.5,17-Sep-2026
PROV,SM,1954,5.68,1954,1940,18-Aug-2026
PSRAJ,SM,99.35,3.49,104,102.95,16-Sep-2026
PVRINOX,EQ,1328.8,4.41,1339.8,1284.5,25-Aug-2026
QMSMEDI,BE,177.36,5,177.36,170.99,17-Sep-2026
QUADFUTURE,EQ,525.5,0.77,554.4,534.35,17-Sep-2026
QUINT,EQ,70.02,9.99,70.02,63.66,17-Sep-2026
RAMBHAJO,EQ,290.5,9.14,292.78,289,10-Sep-2026
RATNAVEER,EQ,300.5,-1.1,331.95,322,17-Sep-2026
REDINGTON,EQ,399.6,-0.12,413.2,403.25,10-Sep-2026
REMUS,SM,981,0.92,1007,987.5,21-Aug-2026
RENTOMOJO,EQ,512.15,-4.14,581.95,546.8,17-Sep-2026
RIR,EQ,197.5,-0.07,213.94,207.71,17-Sep-2026
ROLLT,BE,5.71,4.96,5.71,5.44,17-Sep-2026
ROSSTECH,EQ,1373,1.16,1464.9,1426.9,17-Sep-2026
SAMBHV,EQ,150.11,16.28,150.99,141.32,11-May-2026
SANSERA,EQ,4262,6.09,4300,4183.6,15-Sep-2026
SBC,EQ,48.99,1.53,49.8,49.38,10-Sep-2026
SGRL,EQ,702,3.51,722.65,722,08-Sep-2026
SHAREINDIA,EQ,226.23,3.57,233.35,219.95,17-Sep-2026
SHILPAMED,EQ,1028,7.27,1033.1,980.1,07-Sep-2026
SHREEDHAR,ST,161,4.99,161,153.4,17-Sep-2026
SIGMAADV,BE,867.45,1.17,888.3,867,15-Sep-2026
SKFINDUS,EQ,2950,0.33,3218.7,3131,03-Sep-2026
SOFTTECH,EQ,525.7,4.99,525.7,500.7,17-Sep-2026
SOMANYCERA,EQ,576.85,1.94,579.25,576.8,02-Sep-2026
SPCON,SM,198,16.47,198,173,09-Sep-2026
STEAMHOUSE,EQ,98.4,-4.05,106,103.95,17-Sep-2026
STLNETWORK,EQ,42.95,4.99,42.95,40.91,17-Sep-2026
SWANDEF,BE,2754,1.22,2764,2750,11-Aug-2026
SYRMA,EQ,1720,6.32,1764,1660,09-Sep-2026
TALBROAUTO,EQ,478,9.83,480.8,451.6,10-Aug-2026
TBZ,EQ,603.55,4.99,603.55,583.05,09-Sep-2026
TIMEX,EQ,720,17.82,729,687.8,31-Aug-2026
TOYAMSL,EQ,0.77,4.05,0.77,0.74,17-Sep-2026
UNIVPHOTO,BE,583.5,-4.97,624.75,620,17-Sep-2026
VALIANTORG,BE,427.6,4.69,428.85,414,15-Sep-2026
VEEGALAND,BE,146.3,-5,154,0,-
VELJAN,BE,1935,-2.19,2009,1996.8,17-Sep-2026
VENUSPIPES,EQ,2263.4,6.18,2309.1,2160,17-Sep-2026
WELENT,EQ,820,5.3,837.75,825,04-Sep-2026
WELSPUNLIV,EQ,214.02,0.83,216,216,07-Sep-2026
WSTCSTPAPR,EQ,768.8,7.31,772,743,17-Sep-2026
XTRANET,EQ,311,2.84,330,308.67,17-Sep-2026
YATHARTH,EQ,1134,5.74,1184,1083.8,17-Sep-2026