SYMBOL,SERIES,LTP,CHANGE,PERCENT_CHANGE,NEW_52W_HIGH_PRICE,PREV_HIGH,PREV_HIGH_DATE,PREV_CLOSE,COMPANY_NAME
AAREYDRUGS,EQ,101,-0.72,-0.7078254030672434,103.5,102.96,17-Sep-2026,101.72,Aarey Drugs & Pharmaceuticals Limited
ACE,EQ,1229.1,23.5,1.949236894492369,1241.5,1213.2,17-Sep-2026,1205.6,Action Construction Equipment Limited
ACMESOLAR,EQ,438.65,27.35,6.649647459275468,440.7,430.5,04-Sep-2026,411.3,Acme Solar Holdings Limited
ACSTECH,BE,66.15,3.15,5,66.15,63,17-Sep-2026,63,ACS Technologies Limited
AEGISVOPAK,EQ,316,5.3,1.7058255551979402,317,316,17-Sep-2026,310.7,Aegis Vopak Terminals Limited
AHCL,EQ,23.1,1.26,5.769230769230769,24.78,22.94,15-Sep-2026,21.84,Anlon Healthcare Limited
AKANKSHA,SM,139.65,6.65,5,139.65,139.5,26-Aug-2026,133,Akanksha Power and Infrastructure Limited
ALGOQUANT,EQ,72.67,2.54,3.6218451447312137,76.2,71.85,17-Sep-2026,70.13,Algoquant Fintech Limited
ALUFLUOR,EQ,538,45.8,9.30516050386022,542.5,509.9,02-Sep-2026,492.2,Alufluoride Limited
AMEYA,SM,142.55,6.75,4.970544918998527,142.55,135.8,17-Sep-2026,135.8,Ameya Precision Engineers Limited
ANANDRATHI,EQ,2225,17.6,0.7973181118057443,2268.4,2255,07-Sep-2026,2207.4,Anand Rathi Wealth Limited
ANLON,SM,736,39.1,5.6105610561056105,763.9,748,15-Jun-2026,696.9,Anlon Technology Solutions Limited
APARINDS,EQ,18791,990,5.5614853098140555,19080,18465,12-Aug-2026,17801,Apar Industries Limited
APOORVA,EQ,31.1,1.35,4.53781512605042,31.2,29.75,17-Sep-2026,29.75,Apoorva Leasing Finance and Investment Company Limited
ASTAR,EQ,807.35,134.55,19.998513674197383,807.35,723,13-May-2026,672.8,Asian Star Company Limited
AUROPHARMA,EQ,1734,44,2.603550295857988,1734,1717,31-Aug-2026,1690,Aurobindo Pharma Limited
AVALON,EQ,2602,372,16.681614349775785,2618,2424,07-Sep-2026,2230,Avalon Technologies Limited
BHAGYANGR,EQ,447,0.5,0.11198208286674133,467.9,446.5,17-Sep-2026,446.5,Bhagyanagar India Limited
BIKEWO,ST,116.6,4.4,3.9215686274509802,116.6,115.8,19-Aug-2026,112.2,Bikewo Green Tech Limited
BIRLACABLE,EQ,408.4,6.75,1.6805676584090625,418.8,411.95,15-Sep-2026,401.65,Birla Cable Limited
BODALCHEM,EQ,191.23,9.1,4.996431120628123,191.23,189.68,09-Sep-2026,182.13,Bodal Chemicals Limited
CONFIPET,EQ,91.8,5.04,5.809128630705394,92.61,91.65,15-Sep-2026,86.76,Confidence Petroleum India Limited
CPCAP,EQ,145.5,4.45,3.15490960652251,152,144.4,19-Sep-2025,141.05,CP Capital Limited
CSM,EQ,111.5,8.86,8.63211223694466,114.9,113,02-Jul-2026,102.64,CSM Technologies Limited
DICIND,EQ,628.3,-0.15,-0.02386824727504177,642,638.95,04-Sep-2026,628.45,DIC India Limited
DSKULKARNI,BE,22.71,0.44,1.9757521329142345,22.71,22.27,17-Sep-2026,22.27,DS Kulkarni Developers Limited
EMCURE,EQ,2083,173.2,9.06901246203791,2100.7,2048,10-Aug-2026,1909.8,Emcure Pharmaceuticals Limited
EMIL,EQ,195.9,10.83,5.851839844383206,202.86,196.74,13-Aug-2026,185.07,Electronics Mart India Limited
FILATEX,EQ,93.42,3.07,3.397897066961815,94.5,91.9,17-Sep-2026,90.35,Filatex India Limited
GCSL,EQ,617.2,22.85,3.8445360477832926,620.5,616.9,10-Sep-2026,594.35,Gretex Corporate Services Limited
GFSTEELS,BE,25.44,1.21,4.993809327280231,25.44,24.23,17-Sep-2026,24.23,Grand Foundry Limited
GJL,ST,306.65,14.6,4.99914398219483,306.65,292.95,16-Sep-2026,292.05,Grover Jewells Limited
GKSL,EQ,182,4.18,2.350691710718704,186,183.05,15-Sep-2026,177.82,Gujarat Kidney And Super Speciality Limited
GLASSWALL,EQ,273.6,15.78,6.120549220386316,304.2,257.82,17-Sep-2026,257.82,Glass Wall Systems (India) Limited
GMMPFAUDLR,EQ,1458,94.6,6.938536012908904,1475,1384.8,15-Sep-2026,1363.4,GMM Pfaudler Limited
GOCLCORP,EQ,448,-8.15,-1.7866929738024773,461.4,459.9,22-Jun-2026,456.15,GOCL Corporation Limited
GRAUWEIL,EQ,86.7,7.61,9.621949677582501,88.53,87.4,02-Jul-2026,79.09,Grauer & Weil India Limited
GREENCHEF,SM,74,2.3,3.2078103207810322,74,73.5,15-Sep-2026,71.7,Greenchef Appliances Limited
HPTL,SM,434.05,20.65,4.995162070633769,434.05,413.4,17-Sep-2026,413.4,HP Telecom India Limited
IL&FSENGG,BZ,40.95,1.95,5,40.95,40.05,17-Sep-2026,39,IL&FS Engineering and Construction Company Limited
IMPEXFERRO,BZ,5.58,0.1,1.8248175182481752,5.58,5.48,17-Sep-2026,5.48,Impex Ferro Tech Limited
INDOKEM,EQ,615.05,-28.1,-4.369120733887896,668,666.9,17-Sep-2026,643.15,Indokem Limited
INDOMIM,EQ,1062,68.8,6.927104309303262,1064,1028.5,10-Sep-2026,993.2,INDO-MIM Limited
IPCALAB,EQ,1999,28.7,1.4566309699030604,2038,2014,17-Sep-2026,1970.3,IPCA Laboratories Limited
IRISDOREME,EQ,64.98,2.43,3.884892086330935,66.3,65,07-Sep-2026,62.55,Iris Clothings Limited
JSWINFRA,EQ,349.65,23,7.041175570182152,356.95,355.8,13-Jul-2026,326.65,JSW Infrastructure Limited
JYOTICNC,EQ,1053.55,72.7,7.411938624662283,1065,1058.85,08-Sep-2026,980.85,Jyoti CNC Automation Limited
KAMDHENU,BE,41.05,1.95,4.987212276214834,41.05,40.95,08-Sep-2026,39.5,Kamdhenu Limited
KARAMTARA,EQ,350,-2,-0.5681818181818182,377.9,352,17-Sep-2026,352,Karamtara Engineering Limited
KATARIA,SM,149.85,0.6,0.4020100502512563,150,150,17-Sep-2026,149.25,Kataria Industries Limited
KISSHT,EQ,356.5,-3.45,-0.9584664536741214,373,366.8,17-Sep-2026,359.95,OnEMI Technology Solutions Limited
KOPRAN,EQ,276,7.41,2.7588517815257454,282.1,274.78,16-Sep-2026,268.59,Kopran Limited
KROSS,EQ,238.8,-3.25,-1.3426977897128693,248.77,243.8,17-Sep-2026,242.05,Kross Limited
LAURUSLABS,EQ,1954,5.9,0.30285919613982853,1982,1981.8,11-Sep-2026,1948.1,Laurus Labs Limited
LENSKART,EQ,721.4,41.45,6.096036473270093,725,703.5,10-Sep-2026,679.95,Lenskart Solutions Limited
LIQUIDCASE,EQ,116,0.05,0.043122035360069,116.01,115.96,17-Sep-2026,115.95,Zerodha Fund House - Zerodha Nifty 1D Rate Liquid ETF
LIQUIDSHRI,EQ,1122.15,0.43,0.03833398709125272,1122.15,1121.74,17-Sep-2026,1121.72,Shriram Mutual Fund -SHRIRAM NIFTY 1D RATE LIQUID ETF
MACPOWER,EQ,2100,178.4,9.283930058284763,2149,2050,28-Aug-2026,1921.6,Macpower CNC Machines Limited
MASPTOP50,EQ,124.59,20.76,19.99422132331696,124.59,111.56,09-Sep-2026,103.83,Mirae Asset Mutual Fund - Mirae Asset S&P 500 Top 50 ETF
MAXESTATES,EQ,594,16.4,2.839335180055402,595,584,17-Sep-2026,577.6,Max Estates Limited
MBECL,BE,401.59,19.12,4.999084895547363,401.59,382.47,17-Sep-2026,382.47,Mcnally Bharat Engineering Company Limited
MKEXIM,EQ,69,2.37,3.5569563259792885,69.87,68.69,27-Aug-2026,67.23,M.K. Exim (India) Limited
MONQ50,EQ,396.3,66.05,20,396.3,330.33,17-Sep-2026,330.25,Motilal Oswal Mutual Fund - Motilal Oswal Nasdaq Q 50 ETF
MOREPENLAB,EQ,120.8,0.44,0.36556995679627785,123.45,122.55,08-Sep-2026,120.56,Morepen Laboratories Limited
MRIL,ST,85.3,4.05,4.984615384615385,85.3,83,17-Sep-2026,81.25,Mahendra Realtors & Infrastructure Limited
NEOGEN,EQ,2477,81.4,3.3978961429287025,2498.2,2484.8,17-Sep-2026,2395.6,Neogen Chemicals Limited
NRBBEARING,EQ,529.5,57.3,12.134688691232528,534.9,519,11-Sep-2026,472.2,NRB Bearing Limited
NRL,BE,143.98,6.85,4.995259972289069,143.98,139,16-Sep-2026,137.13,Nupur Recyclers Limited
PRASOLCHEM,EQ,702,23.2,3.417796110783736,734.9,691.5,17-Sep-2026,678.8,Prasol Chemicals Limited
PROV,SM,1954,105,5.6787452677122765,1954,1940,18-Aug-2026,1849,Proventus Agrocom Limited
PSRAJ,SM,99.35,3.35,3.4895833333333335,104,102.95,16-Sep-2026,96,P S Raj Steels Limited
PVRINOX,EQ,1328.8,56.1,4.407951598962835,1339.8,1284.5,25-Aug-2026,1272.7,PVR INOX Limited
QMSMEDI,BE,177.36,8.44,4.996448022732655,177.36,170.99,17-Sep-2026,168.92,QMS Medical Allied Services Limited
QUADFUTURE,EQ,525.5,4,0.7670182166826462,554.4,534.35,17-Sep-2026,521.5,Quadrant Future Tek Limited
QUINT,EQ,70.02,6.36,9.99057492931197,70.02,63.66,17-Sep-2026,63.66,Quint Digital Limited
RAMBHAJO,EQ,290.5,24.33,9.140774692865461,292.78,289,10-Sep-2026,266.17,Advit Jewels Limited
RATNAVEER,EQ,300.5,-3.35,-1.1025176896494981,331.95,322,17-Sep-2026,303.85,Ratnaveer Precision Engineering Limited
REDINGTON,EQ,399.6,-0.5,-0.12496875781054737,413.2,403.25,10-Sep-2026,400.1,Redington Limited
REMUS,SM,981,8.9,0.915543668346878,1007,987.5,21-Aug-2026,972.1,Remus Pharmaceuticals Limited
RENTOMOJO,EQ,512.15,-22.1,-4.13664014974263,581.95,546.8,17-Sep-2026,534.25,Rentomojo Limited
RIR,EQ,197.5,-0.13,-0.06577948692000202,213.94,207.71,17-Sep-2026,197.63,RIR Power Electronics Limited
ROLLT,BE,5.71,0.27,4.963235294117647,5.71,5.44,17-Sep-2026,5.44,Rollatainers Limited
ROSSTECH,EQ,1373,15.8,1.164161508989095,1464.9,1426.9,17-Sep-2026,1357.2,Rossell Techsys Limited
SAMBHV,EQ,150.11,21.02,16.283213262065225,150.99,141.32,11-May-2026,129.09,Sambhv Steel Tubes Limited
SANSERA,EQ,4262,244.5,6.085874299937772,4300,4183.6,15-Sep-2026,4017.5,Sansera Engineering Limited
SBC,EQ,48.99,0.74,1.5336787564766838,49.8,49.38,10-Sep-2026,48.25,SBC Exports Limited
SGRL,EQ,702,23.8,3.5092892951931582,722.65,722,08-Sep-2026,678.2,Shree Ganesh Remedies Limited
SHAREINDIA,EQ,226.23,7.79,3.5661966672770555,233.35,219.95,17-Sep-2026,218.44,Share India Securities Limited
SHILPAMED,EQ,1028,69.65,7.267699692179266,1033.1,980.1,07-Sep-2026,958.35,Shilpa Medicare Limited
SHREEDHAR,ST,161,7.65,4.988588196935115,161,153.4,17-Sep-2026,153.35,Shreedhar Spinners Limited
SIGMAADV,BE,867.45,10.05,1.172148355493352,888.3,867,15-Sep-2026,857.4,SIGMA ADVANCED SYSTEMS LIMITED
SKFINDUS,EQ,2950,9.7,0.32989830969628947,3218.7,3131,03-Sep-2026,2940.3,SKF India (Industrial) Limited
SOFTTECH,EQ,525.7,25,4.993009786299181,525.7,500.7,17-Sep-2026,500.7,Softtech Engineers Limited
SOMANYCERA,EQ,576.85,11,1.9439780860652116,579.25,576.8,02-Sep-2026,565.85,Somany Ceramics Limited
SPCON,SM,198,28,16.470588235294116,198,173,09-Sep-2026,170,Srinibas Pradhan Constructions Limited
STEAMHOUSE,EQ,98.4,-4.15,-4.0468064358849345,106,103.95,17-Sep-2026,102.55,Steamhouse India Limited
STLNETWORK,EQ,42.95,2.04,4.986555854314348,42.95,40.91,17-Sep-2026,40.91,STL Networks Limited
SWANDEF,BE,2754,33.2,1.220229344310497,2764,2750,11-Aug-2026,2720.8,Swan Defence and Heavy Industries Limited
SYRMA,EQ,1720,102.3,6.323793039500526,1764,1660,09-Sep-2026,1617.7,Syrma SGS Technology Limited
TALBROAUTO,EQ,478,42.8,9.834558823529411,480.8,451.6,10-Aug-2026,435.2,Talbros Automotive Components Limited
TBZ,EQ,603.55,28.7,4.992606766982691,603.55,583.05,09-Sep-2026,574.85,Tribhovandas Bhimji Zaveri Limited
TIMEX,EQ,720,108.9,17.820324005891017,729,687.8,31-Aug-2026,611.1,Timex Group India Limited
TOYAMSL,EQ,0.77,0.03,4.054054054054054,0.77,0.74,17-Sep-2026,0.74,Toyam Sports Limited
UNIVPHOTO,BE,583.5,-30.5,-4.96742671009772,624.75,620,17-Sep-2026,614,Universus Photo Imagings Limited
VALIANTORG,BE,427.6,19.15,4.688456359407517,428.85,414,15-Sep-2026,408.45,Valiant Organics Limited
VEEGALAND,BE,146.3,-7.7,-5,154,0,-,140,Veegaland Developers Limited
VELJAN,BE,1935,-43.3,-2.188747914876409,2009,1996.8,17-Sep-2026,1978.3,Veljan Denison Limited
VENUSPIPES,EQ,2263.4,131.7,6.178167659614393,2309.1,2160,17-Sep-2026,2131.7,Venus Pipes & Tubes Limited
WELENT,EQ,820,41.3,5.303711313728008,837.75,825,04-Sep-2026,778.7,Welspun Enterprises Limited
WELSPUNLIV,EQ,214.02,1.77,0.833922261484099,216,216,07-Sep-2026,212.25,Welspun Living Limited
WSTCSTPAPR,EQ,768.8,52.35,7.306860213552935,772,743,17-Sep-2026,716.45,West Coast Paper Mills Limited
XTRANET,EQ,311,8.58,2.8371139474902454,330,308.67,17-Sep-2026,302.42,Xtranet Technologies Limited
YATHARTH,EQ,1134,61.6,5.7441253263707575,1184,1083.8,17-Sep-2026,1072.4,Yatharth Hospital & Trauma Care Services Limited
